model,mae,rmse,r2
RidgeRegression,4315.607787607871,4339.6275321420635,0.7331013730481093
LinearRegression,4406.003287377164,4416.832648307221,0.7235202573249352
RandomForest,5210.0,5967.5958308183035,0.4952919501133787
GradientBoosting,9059.776279336118,9436.53039522693,-0.2620196414405007
DummyRegressor,8650.0,12057.466566406063,-1.0604095804988662
